Model,Files_Analyzed,Compilation_Success_Rate,Mean_Any_Count,Point_Biserial_r,Point_Biserial_p,Spearman_r,Spearman_p,Pearson_Errors_r,Pearson_Errors_p
Human,356,0.396067,3.612360,-0.052853,0.320017,-0.133291,0.011825,0.229152,0.000013
GPT4O,723,0.302905,6.225450,0.057325,0.123564,0.032224,0.386938,0.096918,0.009117
O1-mini,1083,0.251154,7.334257,-0.025981,0.393006,-0.057136,0.060157,0.126132,0.000031
O3-mini,1458,0.384774,9.986968,-0.081642,0.001809,-0.098508,0.000165,0.155545,0.000000
DeepSeek,601,0.339434,5.051581,0.016457,0.687208,0.013181,0.747098,0.009881,0.808977
Claude3-Sonnet,921,0.386536,6.997828,0.010743,0.744739,-0.020431,0.535745,0.049243,0.135358
