Model,Files,Success_Rate,Mean_Any,Correlation,P_Value
Human,356,0.396067,3.612360,-0.052853,0.320017
GPT4O,723,0.302905,6.225450,0.057325,0.123564
O1-mini,1083,0.251154,7.334257,-0.025981,0.393006
O3-mini,1458,0.384774,9.986968,-0.081642,0.001809
DeepSeek,601,0.339434,5.051581,0.016457,0.687208
Claude3-Sonnet,921,0.386536,6.997828,0.010743,0.744739
