model,metric,pearson_pointbiserial,spearman,n
claude3_sonnet_1st_run,top1_sum_CCN,-0.23817433582072026,-0.25332297748015925,1931
claude3_sonnet_1st_run,top2_sum_CCN,-0.2581118041405428,-0.2720811446301167,1931
claude3_sonnet_1st_run,top3_sum_CCN,-0.26720138770378876,-0.2839303452765663,1931
claude3_sonnet_1st_run,parameters_with_annotations,-0.08514375656215334,-0.056444364218330156,1931
claude3_sonnet_1st_run,total_parameters,-0.1033308680050051,-0.06618442901693411,1931
claude3_sonnet_1st_run,annotation_ratio,0.16031179473805873,0.11266561519605645,1931
