model,metric,pearson_pointbiserial,spearman,n
Deepseek,top3_sum_CCN,-0.253967489069781,-0.2716526418668291,2049
Deepseek,parameters_with_annotations,0.15756784353037565,0.27747288929510283,2049
Deepseek,total_parameters,0.15778012643949393,0.2720605149972223,2049
Deepseek,annotation_ratio,0.38036029852333436,0.3514774683636958,2049
