model,metric,pearson_pointbiserial,spearman,n
Deepseek,top1_sum_CCN,-0.22498767842162132,-0.2412268420775937,2049
Deepseek,top2_sum_CCN,-0.24292681515923956,-0.25800774259930714,2049
Deepseek,top3_sum_CCN,-0.253967489069781,-0.2716526418668291,2049
Deepseek,parameters_with_annotations,0.15756784353037565,0.27747288929510283,2049
Deepseek,total_parameters,0.15778012643949393,0.2720605149972223,2049
Deepseek,annotation_ratio,0.38036029852333436,0.3514774683636958,2049
