model,metric,pearson_pointbiserial,spearman,n
gpt35_2nd_run,top1_sum_CCN,-0.19235328414448447,-0.207209798168163,1874
gpt35_2nd_run,top2_sum_CCN,-0.20776439901456698,-0.2253343916190692,1874
gpt35_2nd_run,top3_sum_CCN,-0.21052525184453527,-0.23266572218460366,1874
gpt35_2nd_run,parameters_with_annotations,0.05691514955435622,0.1164648105407364,1874
gpt35_2nd_run,total_parameters,0.07234557049390247,0.1477828466775255,1874
gpt35_2nd_run,annotation_ratio,0.1272870334909463,0.1286136197116256,1874
