model,metric,pearson_pointbiserial,spearman,n
GPT4O,top3_sum_CCN,-0.2537743288647174,-0.26798858028834216,1894
GPT4O,parameters_with_annotations,-0.10014287655013085,-0.10819485365114034,1894
GPT4O,total_parameters,-0.11697874161033746,-0.12543736036985723,1894
GPT4O,annotation_ratio,0.05909922813619142,0.04111108696188579,1894
