model,metric,pearson_pointbiserial,spearman,n
Human,top3_sum_CCN,-0.12597291967115487,-0.13746100455873642,2052
Human,parameters_with_annotations,-0.1796389742335052,-0.2573235963900109,2052
Human,total_parameters,-0.04144382366674096,-0.025566429666365555,2052
Human,annotation_ratio,-0.21156638895758104,-0.21933598450126046,2052
