model,metric,pearson_pointbiserial,spearman,n
O1-mini,top3_sum_CCN,-0.23073781591218256,-0.24575489882145218,2042
O1-mini,parameters_with_annotations,-0.12968416986444353,-0.10739099589980632,2042
O1-mini,total_parameters,-0.14493572150315034,-0.11769485909464715,2042
O1-mini,annotation_ratio,0.09833344400115261,0.06416348301394052,2042
