model,metric,pearson_pointbiserial,spearman,n
O3-mini,top3_sum_CCN,-0.2540966638396851,-0.2694432115018218,2052
O3-mini,parameters_with_annotations,-0.13986310147246356,-0.10775401744920257,2052
O3-mini,total_parameters,-0.15995350079023476,-0.12238979698675888,2052
O3-mini,annotation_ratio,0.1225353951461618,0.0903421099087598,2052
