{
  "Human": {
    "total_files": 2555,
    "mean_coverage": 42.55470629680056,
    "median_coverage": 46.666666666666664,
    "min_coverage": 0.0,
    "max_coverage": 100.0,
    "files_0_20_percent": 883,
    "files_20_50_percent": 432,
    "files_50_80_percent": 857,
    "files_80_100_percent": 383
  },
  "o3_mini_1st_run": {
    "total_files": 2555,
    "mean_coverage": 68.04152645595929,
    "median_coverage": 67.56756756756756,
    "min_coverage": 0.0,
    "max_coverage": 100.0,
    "files_0_20_percent": 111,
    "files_20_50_percent": 362,
    "files_50_80_percent": 1296,
    "files_80_100_percent": 786
  },
  "claude_3_7_sonnet": {
    "total_files": 2330,
    "mean_coverage": 64.06604061672626,
    "median_coverage": 65.88235294117646,
    "min_coverage": 0.0,
    "max_coverage": 100.0,
    "files_0_20_percent": 216,
    "files_20_50_percent": 322,
    "files_50_80_percent": 1134,
    "files_80_100_percent": 658
  },
  "gpt4o": {
    "total_files": 2254,
    "mean_coverage": 66.25157162653083,
    "median_coverage": 66.66666666666666,
    "min_coverage": 0.0,
    "max_coverage": 100.0,
    "files_0_20_percent": 110,
    "files_20_50_percent": 358,
    "files_50_80_percent": 1153,
    "files_80_100_percent": 633
  },
  "o1-mini": {
    "total_files": 2535,
    "mean_coverage": 65.33694234808296,
    "median_coverage": 66.66666666666666,
    "min_coverage": 0.0,
    "max_coverage": 100.0,
    "files_0_20_percent": 202,
    "files_20_50_percent": 349,
    "files_50_80_percent": 1235,
    "files_80_100_percent": 749
  },
  "deepseek": {
    "total_files": 2548,
    "mean_coverage": 44.04869747362226,
    "median_coverage": 52.98507462686567,
    "min_coverage": 0.0,
    "max_coverage": 100.0,
    "files_0_20_percent": 948,
    "files_20_50_percent": 240,
    "files_50_80_percent": 886,
    "files_80_100_percent": 474
  }
}