metric,U_statistic,p_value,effect_size_r,selected_median,rest_median
average_CCN,161868.5,2.2414931103511945e-06,-0.2424,2.4375,1.895
max_CCN,173277.5,1.0450483234248375e-10,-0.33,9.0,6.0
total_line_count,201933.5,7.32627868913899e-27,-0.5499,418.0,172.0
function_count,187419.0,1.1089187817788497e-17,-0.4385,28.0,15.0
