Model,Any_slots,Typed_slots,Any_rate,Param_any,Param_typed,Param_rate,Return_any,Return_typed,Return_rate,Delta_vs_human
Human,1754,87138,0.020129,1286,52811,0.024351,468,34327,0.013634,—
GPT4o,5916,101636,0.058208,4706,60045,0.078375,1210,41591,0.029093,0.038079
O1-mini,10369,150451,0.068919,8374,88957,0.094135,1995,61494,0.032442,0.048790
O3-mini,19601,156722,0.125069,15447,92419,0.167141,4154,64303,0.064600,0.104940
DeepSeek,6949,101251,0.068631,5584,60555,0.092214,1365,40696,0.033541,0.048502
Claude3-Sonnet,8043,109700,0.073318,6781,65587,0.103389,1262,44113,0.028608,0.053189
