Model,Replacements,Total_Concrete,Replacement_Rate,Preserved
GPT4o,786,48857,0.016088,48071
O1-mini,1654,67130,0.024639,65476
O3-mini,4915,69833,0.070382,64918
DeepSeek,889,47781,0.018606,46892
Claude3-Sonnet,815,51400,0.015856,50585
